{"cameraMode":{"drawMode":0,"name":"Shaded","section":"Shading Mode"},"sceneLighting":true,"audioPlay":false,"sceneViewState":{"showFog":true,"showMaterialUpdate":false,"showSkybox":true,"showFlares":true,"showImageEffects":true,"showParticleSystems":true},"in2DMode":false,"pivot":{"x":6.395870208740234,"y":-43.71590042114258,"z":-23.74214744567871},"rotation":{"x":0.0028791127260774376,"y":0.9820210933685303,"z":-0.1881592571735382,"w":0.015027334913611412},"size":54.228363037109378,"orthographic":false}